,10/21,10/22,,10/23,10/24,10/25,,10/26,,10/27
,三,四,五,五,六,日,,一,,二
,"CX450
1300 TPE
1715 NRT",日光,,日光,日光,也可以考慮迪士尼一日遊,,,,"CX451
1530 NRT
1840 TPE"
早餐,,TBD,,溫泉旅館,溫泉旅館,TBD,,TBD,,
早上,,07:45 – 08:05 退房，寄放行李,,"中禪寺溫泉搭巴士to赤沼站

中禪寺溫泉 > (bus)日光駅～中禅寺温泉～湯元温泉 > 赤沼站 (16 min)",退房＆寄放行李,"新宿御苑
錦糸町車站-->千馱谷","皇居東御苑
錦糸町站--->東京車站",皇居東御苑,"晴空塔購物中心
東京Metro半藏門線（錦糸町站--->押上（晴空塔前）站）",退房＆寄放行李
,,"東武特急列車(Spacia 或 Revaty) to 東武日光站

9:18 (半藏門線) 錦糸町車站 > 押上>免轉車 (東武晴空塔線) 北千住 > (Revaty 華嚴 13 號)> 東武日光 11:22",,戰場之原健行,華嚴瀑布,,,,,淺草雷門
,,"行李於東武日光站寄放 or 手荷物配送服務到溫泉旅館
購買「中禪寺溫泉巴士周遊券」",,"湯瀧瀑布

赤沼（バス）> 湯滝入口 25min","巴士下山回東武日光站

日光駅～光徳温泉～湯元温泉(bus) 44min",,,,,立木津巴士to成田機場
,,"東武車站周邊購買日光 SAKAEYA 炸湯波饅頭（紅豆炸饅頭）
日光布丁亭
補陀洛本舗 石屋町店買湯波飯糰",,,,,,,,
中餐,,"東照宮周邊：
葷食-西洋料理 明治の館 蛋包飯 or Maibaru的愛日光珈琲 御用邸通
素食自然茶寮 廻",,三本松茶屋or湯瀧レストハウス,"東武日光站周邊
Kamaya - Café du Réverbère",新宿,,東京車站,,
下午,,"日光東照宮

(bus)日光駅～光徳温泉～湯元温泉",,搭巴士下山回到中禪寺湖畔,"東武特急回北千住

Tobu Railway ExpressＲＥＶＡＴＹ 100min",伊勢丹百貨/Loft/世界旗艦級迪士尼商店 （optional),"東京鐵塔
都營三田線（日比谷站 ➔ 御成門站）",晴空塔購物（精品/日牌女裝/吉卜力橡子共和國與寶可夢中心）,不逛的也可以去附近的隅田公園 (淺草側),
,,"巴士to中禪寺溫泉站（行經紅葉坂）

安川町 > (bus)日光駅～光徳温泉～湯元温泉湯元温泉行 > 中禅寺温泉（バス）43 min",,以下三選一,轉地鐵半藏門線to錦糸町站,,,,,
,,溫泉旅館check in,,英國/法國大使館別墅紀念公園喝下午茶,飯店check in,,,,,
,,中禪寺湖畔碼頭散步,,中禪寺湖觀光船（遊湖55mins）,飯店周邊逛逛（錦糸町公園、PARCO百貨、Arcakit 百貨or藥妝店）,芝公園,六代木,買藥妝,,
,"(成田線) [千葉-空港]
 快速 (東京行) platform 1
> 錦系町 platform3",,,中禪寺（看立木觀音）也可以喝日式茶屋,,東京鐵塔,"東京Metro日比谷線（往中目黑方向）
神谷町站到六代木站",,,
晚餐,飯店附近吃東京最頂漢堡Shake tree burger & bar or 百大烏龍麵石臼碾磨烏龍麵,溫泉旅館會席料理,,溫泉旅館會席料理,錦糸町車站周邊,六本木,,錦糸町車站周邊,,
晚上,西友超市 or LIFE Arcakit 買隔天早餐，正哲要買後面兩天晚餐,,,,超市,六本木hills夜景,,,,
,,,,,,,,,,
,,,,,,,,,,
住宿,東京黎凡特東武酒店 （3星）,日光中禪寺湖花庵旅館,,,東京黎凡特東武酒店 （3星）,,,,,
,,,,,,,,,,
,,,,,,,,,,
,購物,,,,,,,,,自由之丘
,,,,,,,,,,
,,,,,,,,,,吉祥寺
,,,,,,,,,,調布